account_value,date
10000.0,2021-07-26
10005.226300000002,2021-07-27
9942.3757,2021-07-28
9875.6257,2021-07-29
9881.926000000001,2021-07-30
10098.976300000002,2021-08-02
10239.076000000001,2021-08-03
10216.576000000001,2021-08-04
10487.6257,2021-08-05
10533.226300000002,2021-08-06
10478.176000000001,2021-08-09
10494.226300000002,2021-08-10
10473.718674250002,2021-08-11
10473.718674250002,2021-08-12
10244.844549250003,2021-08-13
10034.677949250003,2021-08-16
10113.877149250002,2021-08-17
10409.877149250002,2021-08-18
10457.877149250002,2021-08-20
10227.277549250002,2021-08-23
10242.877149250002,2021-08-24
10369.277549250002,2021-08-25
10366.277549250002,2021-08-26
10355.677949250003,2021-08-27
10267.077549250002,2021-08-30
10768.277549250002,2021-08-31
10863.877149250002,2021-09-01
10984.077549250002,2021-09-02
11261.677949250003,2021-09-03
11233.651948250003,2021-09-06
11233.651948250003,2021-09-07
11233.651948250003,2021-09-08
11233.651948250003,2021-09-09
11233.651948250003,2021-09-13
11233.651948250003,2021-09-14
11233.651948250003,2021-09-15
11233.651948250003,2021-09-16
11233.651948250003,2021-09-17
11233.651948250003,2021-09-20
11233.651948250003,2021-09-21
11233.651948250003,2021-09-22
11233.651948250003,2021-09-23
11233.651948250003,2021-09-24
11233.651948250003,2021-09-27
11233.651948250003,2021-09-28
11233.651948250003,2021-09-29
11053.177573250001,2021-09-30
10999.927573250001,2021-10-01
10920.277273250002,2021-10-04
10962.877873250003,2021-10-05
10869.427573250003,2021-10-06
11145.427573250001,2021-10-07
11136.427573250001,2021-10-08
11237.827573250002,2021-10-11
11411.377873250003,2021-10-12
11399.827573250002,2021-10-13
11242.177573250001,2021-10-14
11161.627873250003,2021-10-18
10793.677573250003,2021-10-19
10636.177573250003,2021-10-20
10678.149973250003,2021-10-21
10474.949573250004,2021-10-22
10271.749573250003,2021-10-25
10385.749573250003,2021-10-26
10360.349173250002,2021-10-27
10134.749573250003,2021-10-28
9963.949573250004,2021-10-29
10264.749573250003,2021-11-01
10194.549573250002,2021-11-02
10112.149973250003,2021-11-03
10671.149973250003,2021-11-04
10869.749573250003,2021-11-08
10921.749573250003,2021-11-09
11011.749573250003,2021-11-10
10842.149973250003,2021-11-11
10916.749573250003,2021-11-12
10762.149973250003,2021-11-15
10865.949573250004,2021-11-16
10721.549573250002,2021-11-17
10437.949573250004,2021-11-18
10216.949573250004,2021-11-22
10421.549573250002,2021-11-23
10172.549573250002,2021-11-24
10106.349173250002,2021-11-25
9760.349173250002,2021-11-26
9678.349173250002,2021-11-29
9506.549573250002,2021-11-30
9777.949573250004,2021-12-01
9830.949573250004,2021-12-02
9846.949573250004,2021-12-03
9801.149973250003,2021-12-06
9911.949573250004,2021-12-07
10046.949573250004,2021-12-08
10196.549573250002,2021-12-09
10135.349173250002,2021-12-10
10011.549573250002,2021-12-13
9974.549573250002,2021-12-14
9998.149973250003,2021-12-15
9909.349173250002,2021-12-16
9860.749573250003,2021-12-17
9650.549573250002,2021-12-20
9691.349173250002,2021-12-21
9972.149973250003,2021-12-22
9945.749573250003,2021-12-23
9776.349173250002,2021-12-24
9780.549573250002,2021-12-27
9946.349173250002,2021-12-28
10273.749573250003,2021-12-29
10252.749573250003,2021-12-30
10392.349173250002,2021-12-31
10899.949573250004,2022-01-03
10844.749573250003,2022-01-04
10817.699573250004,2022-01-05
10817.699573250004,2022-01-06
10817.699573250004,2022-01-07
10817.699573250004,2022-01-10
10817.699573250004,2022-01-11
10817.699573250004,2022-01-12
10817.699573250004,2022-01-13
10817.699573250004,2022-01-14
10817.699573250004,2022-01-17
10817.699573250004,2022-01-18
10817.699573250004,2022-01-19
10842.609323250006,2022-01-20
10774.509623250005,2022-01-21
10610.409023250004,2022-01-24
10717.209323250005,2022-01-25
10572.759623250005,2022-01-27
10474.059323250003,2022-01-28
10605.731948250006,2022-01-31
10512.531948250005,2022-02-01
10702.731948250006,2022-02-02
10707.132348250005,2022-02-03
10549.331548250004,2022-02-04
10429.132348250005,2022-02-07
10380.331548250004,2022-02-08
10526.331548250004,2022-02-09
10585.132348250005,2022-02-10
10416.331548250004,2022-02-11
10306.931948250007,2022-02-14
10919.731948250006,2022-02-15
10849.531948250005,2022-02-16
10914.731948250006,2022-02-17
10820.731948250006,2022-02-18
10819.731948250006,2022-02-21
10925.731948250006,2022-02-22
10850.331548250004,2022-02-23
10492.331548250004,2022-02-24
10537.331548250004,2022-02-25
10382.931948250007,2022-02-28
10056.132348250005,2022-03-02
9661.731948250006,2022-03-03
9380.731948250006,2022-03-04
9062.331548250004,2022-03-07
9047.931948250007,2022-03-08
9195.931948250007,2022-03-09
9235.731948250006,2022-03-10
9186.731948250006,2022-03-11
9277.931948250007,2022-03-14
9244.731948250006,2022-03-15
9455.331548250004,2022-03-16
9771.531948250005,2022-03-17
9538.731948250006,2022-03-21
9545.331548250004,2022-03-22
9600.132348250005,2022-03-23
9502.331548250004,2022-03-24
9371.132348250005,2022-03-25
9543.731948250006,2022-03-28
9945.731948250006,2022-03-29
9969.931948250007,2022-03-30
9852.331548250004,2022-03-31
9948.531948250005,2022-04-01
10059.531948250005,2022-04-04
10197.531948250005,2022-04-05
10172.097448250006,2022-04-06
10172.097448250006,2022-04-07
10172.097448250006,2022-04-08
10172.097448250006,2022-04-11
10172.097448250006,2022-04-12
10172.097448250006,2022-04-13
10172.097448250006,2022-04-18
10172.097448250006,2022-04-19
10475.348547250007,2022-04-20
10934.148547250006,2022-04-21
10907.633547250007,2022-04-22
10907.633547250007,2022-04-25
10907.633547250007,2022-04-26
10907.633547250007,2022-04-27
10907.633547250007,2022-04-28
10907.633547250007,2022-04-29
10907.633547250007,2022-05-02
10907.633547250007,2022-05-04
10684.201547250008,2022-05-05
10399.801547250006,2022-05-06
10327.201547250008,2022-05-09
10612.201547250008,2022-05-10
10506.601147250007,2022-05-11
10488.601147250007,2022-05-12
10680.601147250007,2022-05-13
11421.801547250006,2022-05-16
11776.801547250006,2022-05-17
11734.001547250007,2022-05-18
11552.001547250007,2022-05-19
11781.201547250008,2022-05-20
11915.201547250008,2022-05-23
11887.78854725001,2022-05-24
11887.78854725001,2022-05-25
11887.78854725001,2022-05-26
11887.78854725001,2022-05-27
11887.78854725001,2022-05-30
11887.78854725001,2022-05-31
11887.78854725001,2022-06-01
11887.78854725001,2022-06-02
11887.78854725001,2022-06-03
11887.78854725001,2022-06-06
11840.456746250009,2022-06-07
11845.456746250009,2022-06-08
12112.85714625001,2022-06-09
12100.25754625001,2022-06-10
12052.05714625001,2022-06-13
12139.85714625001,2022-06-14
12129.25754625001,2022-06-15
11858.85714625001,2022-06-16
11668.05714625001,2022-06-17
11741.85714625001,2022-06-20
12060.05714625001,2022-06-21
11899.85714625001,2022-06-22
12525.05714625001,2022-06-23
12760.456746250009,2022-06-24
12642.05714625001,2022-06-27
12704.05714625001,2022-06-28
12675.419146250011,2022-06-29
12675.419146250011,2022-06-30
12675.419146250011,2022-07-01
12675.419146250011,2022-07-04
12675.419146250011,2022-07-05
12675.419146250011,2022-07-06
12675.419146250011,2022-07-07
12675.419146250011,2022-07-08
12675.419146250011,2022-07-11
12675.419146250011,2022-07-12
12675.419146250011,2022-07-13
12675.419146250011,2022-07-14
12675.419146250011,2022-07-15
12675.419146250011,2022-07-18
12675.419146250011,2022-07-19
12675.419146250011,2022-07-20
12675.419146250011,2022-07-21
12675.419146250011,2022-07-22
12675.419146250011,2022-07-25
12675.419146250011,2022-07-26
12675.419146250011,2022-07-27
12675.419146250011,2022-07-28
12675.419146250011,2022-07-29
12675.419146250011,2022-08-01
12675.419146250011,2022-08-02
12675.419146250011,2022-08-03
12675.419146250011,2022-08-04
12675.419146250011,2022-08-05
12675.419146250011,2022-08-08
12675.419146250011,2022-08-10
12675.419146250011,2022-08-11
12675.419146250011,2022-08-12
12675.419146250011,2022-08-16
12675.419146250011,2022-08-17
12675.419146250011,2022-08-18
12675.419146250011,2022-08-19
12675.419146250011,2022-08-22
12675.419146250011,2022-08-23
12675.419146250011,2022-08-24
12675.419146250011,2022-08-25
12675.419146250011,2022-08-26
12675.419146250011,2022-08-29
12675.419146250011,2022-08-30
12675.419146250011,2022-09-01
12675.419146250011,2022-09-02
12675.419146250011,2022-09-05
12675.419146250011,2022-09-06
12675.419146250011,2022-09-07
12776.342072000012,2022-09-08
12750.648947000012,2022-09-09
12750.648947000012,2022-09-12
12750.648947000012,2022-09-13
12750.648947000012,2022-09-14
12750.648947000012,2022-09-15
12750.648947000012,2022-09-16
12750.648947000012,2022-09-19
12750.648947000012,2022-09-20
12750.648947000012,2022-09-21
12750.648947000012,2022-09-22
12750.648947000012,2022-09-23
12750.648947000012,2022-09-26
12750.648947000012,2022-09-27
12750.648947000012,2022-09-28
12750.648947000012,2022-09-29
12750.648947000012,2022-09-30
12750.648947000012,2022-10-03
12999.623521250012,2022-10-04
12972.961021250014,2022-10-06
12848.075595500015,2022-10-07
12947.225895500014,2022-10-10
12576.425595500014,2022-10-11
12727.025595500012,2022-10-12
12766.025595500012,2022-10-13
12784.025595500012,2022-10-14
12896.525595500012,2022-10-17
13189.925595500014,2022-10-18
13189.325595500015,2022-10-19
13305.875295500013,2022-10-20
13240.925595500014,2022-10-21
13276.025595500012,2022-10-24
13484.375295500013,2022-10-25
13456.545421250014,2022-10-27
13456.545421250014,2022-10-28
13456.545421250014,2022-10-31
13456.545421250014,2022-11-01
13456.545421250014,2022-11-02
13456.545421250014,2022-11-03
13456.545421250014,2022-11-04
13456.545421250014,2022-11-07
13456.545421250014,2022-11-09
13456.545421250014,2022-11-10
12885.188445500013,2022-11-11
12876.039045500014,2022-11-14
12850.088745500012,2022-11-15
12835.388745500015,2022-11-16
12651.789045500014,2022-11-17
12496.988745500013,2022-11-18
12462.039045500014,2022-11-21
12451.388745500015,2022-11-22
12468.938445500013,2022-11-23
12458.289045500014,2022-11-24
12568.539045500014,2022-11-25
12650.438445500013,2022-11-28
12574.539045500014,2022-11-29
12779.738745500013,2022-11-30
12638.588745500012,2022-12-01
12321.789045500014,2022-12-02
12359.438445500013,2022-12-05
12225.338745500012,2022-12-06
12105.789045500014,2022-12-07
12293.138745500015,2022-12-08
12400.838745500012,2022-12-09
12287.588745500012,2022-12-12
12265.238745500013,2022-12-13
12434.438445500013,2022-12-14
12236.738745500013,2022-12-15
12200.588745500012,2022-12-16
12492.938445500013,2022-12-19
12266.588745500012,2022-12-20
12145.988745500013,2022-12-21
11944.388745500015,2022-12-22
11667.188445500013,2022-12-23
11809.988745500013,2022-12-26
11931.638745500015,2022-12-27
11960.888745500015,2022-12-28
12169.838745500012,2022-12-29
12009.488745500013,2022-12-30
12012.789045500014,2023-01-02
11966.588745500012,2023-01-03
11971.988745500013,2023-01-04
12099.338745500012,2023-01-05
12078.039045500014,2023-01-06
12113.888745500015,2023-01-09
11828.888745500015,2023-01-10
11737.988745500013,2023-01-11
11635.988745500013,2023-01-12
11812.388745500015,2023-01-13
11743.388745500015,2023-01-16
11866.088745500012,2023-01-17
11859.039045500014,2023-01-18
11826.338745500012,2023-01-19
11777.738745500013,2023-01-20
11936.289045500014,2023-01-23
12005.888745500015,2023-01-24
11967.789045500014,2023-01-25
11835.488745500013,2023-01-27
11900.588745500012,2023-01-30
12116.289045500014,2023-01-31
12235.539045500014,2023-02-01
11978.138745500015,2023-02-02
12276.338745500012,2023-02-03
12108.338745500012,2023-02-06
12150.338745500012,2023-02-07
12010.238745500013,2023-02-08
12037.688445500013,2023-02-09
11963.289045500014,2023-02-10
12084.188445500013,2023-02-13
11853.338745500012,2023-02-14
12259.688445500013,2023-02-15
12193.539045500014,2023-02-16
12181.238745500013,2023-02-17
12197.738745500013,2023-02-20
12148.688445500013,2023-02-21
12075.338745500012,2023-02-22
12052.088745500012,2023-02-23
11943.039045500014,2023-02-24
11719.388745500015,2023-02-27
11643.938445500013,2023-02-28
11742.638745500015,2023-03-01
11702.738745500013,2023-03-02
11708.138745500015,2023-03-03
11824.838745500012,2023-03-06
11939.438445500013,2023-03-08
11766.338745500012,2023-03-09
11674.539045500014,2023-03-10
11426.438445500013,2023-03-13
11376.938445500013,2023-03-14
11346.938445500013,2023-03-15
11432.588745500012,2023-03-16
11250.039045500014,2023-03-17
11182.238745500013,2023-03-20
11130.638745500015,2023-03-21
11165.888745500015,2023-03-22
11109.338745500012,2023-03-23
11055.039045500014,2023-03-24
10982.888745500015,2023-03-27
10883.438445500013,2023-03-28
11127.338745500012,2023-03-29
11172.789045500014,2023-03-31
11339.138745500015,2023-04-03
11127.488745500013,2023-04-05
11211.338745500012,2023-04-06
11237.588745500012,2023-04-10
11488.838745500012,2023-04-11
11711.289045500014,2023-04-12
11965.388745500015,2023-04-13
12013.238745500013,2023-04-17
11989.021245500015,2023-04-18
11989.021245500015,2023-04-19
11989.021245500015,2023-04-20
11989.021245500015,2023-04-21
11989.021245500015,2023-04-24
11989.021245500015,2023-04-25
11989.021245500015,2023-04-26
11989.021245500015,2023-04-27
11989.021245500015,2023-04-28
11989.021245500015,2023-05-02
11989.021245500015,2023-05-03
11989.021245500015,2023-05-04
11989.021245500015,2023-05-05
11989.021245500015,2023-05-08
11989.021245500015,2023-05-09
11989.021245500015,2023-05-10
11989.021245500015,2023-05-11
11989.021245500015,2023-05-12
11989.021245500015,2023-05-15
11989.021245500015,2023-05-16
11989.021245500015,2023-05-17
11989.021245500015,2023-05-18
11989.021245500015,2023-05-19
11989.021245500015,2023-05-22
11989.021245500015,2023-05-23
11989.021245500015,2023-05-24
11989.021245500015,2023-05-25
11989.021245500015,2023-05-26
11989.021245500015,2023-05-29
11989.021245500015,2023-05-30
11989.021245500015,2023-05-31
11989.021245500015,2023-06-01
11989.021245500015,2023-06-02
11989.021245500015,2023-06-05
11989.021245500015,2023-06-06
11989.021245500015,2023-06-07
11989.021245500015,2023-06-08
11733.291046250017,2023-06-09
11761.191346250016,2023-06-12
11767.340746250014,2023-06-13
11705.541046250017,2023-06-14
11593.491046250014,2023-06-15
11606.090746250014,2023-06-16
11479.340746250014,2023-06-19
11675.691346250016,2023-06-20
11700.741046250014,2023-06-21
11665.191346250016,2023-06-22
11606.991046250014,2023-06-23
11644.340746250014,2023-06-26
11596.641046250015,2023-06-27
11623.941346250016,2023-06-28
11729.691346250016,2023-06-30
11881.941346250016,2023-07-03
11194.791046250017,2023-07-04
10918.641046250015,2023-07-05
10655.991046250014,2023-07-06
10543.791046250017,2023-07-07
10519.905046250018,2023-07-10
10519.905046250018,2023-07-11
10519.905046250018,2023-07-12
10519.905046250018,2023-07-13
10765.32702200002,2023-07-14
10773.726422000018,2023-07-17
10771.776722000019,2023-07-18
10714.476422000018,2023-07-19
10675.32702200002,2023-07-20
10670.526722000019,2023-07-21
10647.57702200002,2023-07-24
10702.626722000017,2023-07-25
10784.976422000018,2023-07-26
10707.726422000018,2023-07-27
10789.626722000017,2023-07-28
10820.526722000019,2023-07-31
10971.726422000018,2023-08-01
10722.126722000017,2023-08-02
10863.126722000017,2023-08-03
10802.67672200002,2023-08-04
10791.57702200002,2023-08-07
10840.026722000019,2023-08-08
10961.82702200002,2023-08-09
10968.126722000017,2023-08-10
10891.626722000017,2023-08-11
10740.126722000017,2023-08-14
10705.626722000017,2023-08-16
10619.376722000017,2023-08-17
10772.82702200002,2023-08-18
10820.67672200002,2023-08-21
10754.226422000018,2023-08-22
10798.026722000019,2023-08-23
10748.976422000018,2023-08-24
10747.476422000018,2023-08-25
10769.07702200002,2023-08-28
10790.07702200002,2023-08-29
10941.276722000019,2023-08-30
10733.82702200002,2023-08-31
10925.226422000018,2023-09-01
11026.476422000018,2023-09-04
10934.376722000017,2023-09-05
10897.92672200002,2023-09-06
10931.376722000017,2023-09-07
10836.726422000018,2023-09-08
10937.526722000019,2023-09-11
10747.776722000019,2023-09-12
10684.92672200002,2023-09-13
10868.226422000018,2023-09-14
11005.626722000017,2023-09-15
11019.276722000019,2023-09-18
11047.626722000017,2023-09-20
11031.57702200002,2023-09-21
10952.376722000017,2023-09-22
10883.976422000018,2023-09-25
11140.476422000018,2023-09-26
11163.126722000017,2023-09-27
11044.776722000019,2023-09-28
11064.876722000017,2023-09-29
10778.226422000018,2023-10-03
10926.726422000018,2023-10-04
11054.82702200002,2023-10-05
11075.226422000018,2023-10-06
11060.82702200002,2023-10-09
11100.276722000019,2023-10-10
11183.82702200002,2023-10-11
11206.626722000017,2023-10-12
11153.226422000018,2023-10-13
11183.82702200002,2023-10-16
11226.57702200002,2023-10-17
11212.32702200002,2023-10-18
11227.626722000017,2023-10-19
11166.726422000018,2023-10-20
11063.07702200002,2023-10-23
10877.226422000018,2023-10-25
10704.42672200002,2023-10-26
10908.57702200002,2023-10-27
10796.976422000018,2023-10-30
10610.67672200002,2023-10-31
10570.776722000019,2023-11-01
10738.92672200002,2023-11-02
11008.026722000019,2023-11-03
11256.876722000017,2023-11-06
11251.17672200002,2023-11-07
11374.92672200002,2023-11-08
11349.726422000018,2023-11-09
11346.276722000019,2023-11-10
11461.92672200002,2023-11-12
11435.08197200002,2023-11-13
11435.08197200002,2023-11-15
11435.08197200002,2023-11-16
11435.08197200002,2023-11-17
11435.08197200002,2023-11-20
11435.08197200002,2023-11-21
11435.08197200002,2023-11-22
11435.08197200002,2023-11-23
11435.08197200002,2023-11-24
11435.08197200002,2023-11-28
11435.08197200002,2023-11-29
11435.08197200002,2023-11-30
11435.08197200002,2023-12-01
11435.08197200002,2023-12-04
11435.08197200002,2023-12-05
11435.08197200002,2023-12-06
11435.08197200002,2023-12-07
11435.08197200002,2023-12-08
11435.08197200002,2023-12-11
11435.08197200002,2023-12-12
11577.32322200002,2023-12-13
11557.159472000021,2023-12-14
11557.159472000021,2023-12-15
11557.159472000021,2023-12-18
11557.159472000021,2023-12-19
11557.159472000021,2023-12-20
11628.69767250002,2023-12-21
11724.897672500021,2023-12-22
11793.597472500021,2023-12-26
11952.797672500023,2023-12-27
11896.597472500021,2023-12-28
11999.797672500023,2023-12-29
11979.080172500024,2024-01-01
11667.188222000024,2024-01-02
11657.388422000025,2024-01-03
11604.188222000024,2024-01-04
11642.685722000026,2024-01-05
11664.285722000024,2024-01-08
11622.885722000023,2024-01-09
11539.185722000026,2024-01-10
11677.935722000026,2024-01-11
11624.086022000025,2024-01-12
11507.836022000025,2024-01-15
11388.435722000026,2024-01-16
11264.836022000025,2024-01-17
11084.985422000023,2024-01-18
11109.885722000023,2024-01-19
11104.336022000025,2024-01-20
10861.635722000023,2024-01-23
10916.535722000024,2024-01-24
10860.885722000023,2024-01-25
11018.685722000026,2024-01-29
11125.785722000024,2024-01-30
11530.336022000025,2024-01-31
11811.135722000023,2024-02-01
11488.185722000026,2024-02-02
11681.385722000023,2024-02-05
11845.336022000025,2024-02-06
11794.485422000023,2024-02-07
11433.435722000026,2024-02-08
11534.385722000023,2024-02-09
11505.578597000023,2024-02-12
11505.578597000023,2024-02-13
11505.578597000023,2024-02-14
11505.578597000023,2024-02-15
11505.578597000023,2024-02-16
11505.578597000023,2024-02-19
11505.578597000023,2024-02-20
11502.938096500024,2024-02-21
11733.037696500023,2024-02-22
11713.280697000024,2024-02-23
11713.280697000024,2024-02-26
11713.280697000024,2024-02-27
11713.280697000024,2024-02-28
11470.252272000023,2024-02-29
11623.702572000026,2024-03-01
11674.102872000025,2024-03-02
11347.402572000023,2024-03-04
11468.752272000023,2024-03-05
11472.652572000023,2024-03-06
11448.802572000024,2024-03-07
11444.752272000023,2024-03-11
11525.302572000024,2024-03-12
11299.702572000026,2024-03-13
11411.002272000023,2024-03-14
11330.002272000023,2024-03-15
11192.152572000023,2024-03-18
11243.602872000025,2024-03-19
11713.852872000025,2024-03-20
11849.902572000023,2024-03-21
12058.252272000023,2024-03-22
11826.352872000025,2024-03-26
11834.452572000026,2024-03-27
12150.952572000026,2024-03-28
11933.002272000023,2024-04-01
11859.652572000023,2024-04-02
11895.652572000023,2024-04-03
11866.146072000023,2024-04-04
11866.146072000023,2024-04-05
11866.146072000023,2024-04-08
11866.146072000023,2024-04-09
11866.146072000023,2024-04-10
11866.146072000023,2024-04-12
11866.146072000023,2024-04-15
11866.146072000023,2024-04-16
11866.146072000023,2024-04-18
11866.146072000023,2024-04-19
11866.146072000023,2024-04-22
11866.146072000023,2024-04-23
11866.146072000023,2024-04-24
11866.146072000023,2024-04-25
11866.146072000023,2024-04-26
11866.146072000023,2024-04-29
11866.146072000023,2024-04-30
11866.146072000023,2024-05-02
11866.146072000023,2024-05-03
11866.146072000023,2024-05-06
11866.146072000023,2024-05-07
11866.146072000023,2024-05-08
11866.146072000023,2024-05-09
11866.146072000023,2024-05-10
11866.146072000023,2024-05-13
11866.146072000023,2024-05-14
11866.146072000023,2024-05-15
11866.146072000023,2024-05-16
11866.146072000023,2024-05-17
11866.146072000023,2024-05-18
11866.146072000023,2024-05-21
11866.146072000023,2024-05-22
11866.146072000023,2024-05-23
11866.146072000023,2024-05-24
11866.146072000023,2024-05-27
11866.146072000023,2024-05-28
11866.146072000023,2024-05-29
11866.146072000023,2024-05-30
11866.146072000023,2024-05-31
11717.278621000023,2024-06-03
11366.378221000024,2024-06-04
11533.578421000024,2024-06-05
11815.078421000024,2024-06-06
11899.578421000024,2024-06-07
11941.078421000024,2024-06-10
11892.878221000024,2024-06-11
12076.878221000024,2024-06-12
11978.578421000024,2024-06-13
12245.778621000023,2024-06-14
12221.103120500024,2024-06-18
12221.103120500024,2024-06-19
12221.103120500024,2024-06-20
12221.103120500024,2024-06-21
12221.103120500024,2024-06-24
12221.103120500024,2024-06-25
12221.103120500024,2024-06-26
12145.603819500024,2024-06-27
12063.904619500025,2024-06-28
11989.103819500024,2024-07-01
11969.504219500024,2024-07-02
12102.603819500024,2024-07-03
12097.004219500024,2024-07-04
12192.603819500024,2024-07-05
12226.904619500025,2024-07-08
12375.404619500025,2024-07-09
12416.304019500025,2024-07-10
12375.304019500025,2024-07-11
12439.404619500025,2024-07-12
12488.004219500024,2024-07-15
12558.004219500024,2024-07-16
12533.404219500024,2024-07-18
12533.404219500024,2024-07-19
12533.404219500024,2024-07-22
12533.404219500024,2024-07-23
12533.404219500024,2024-07-24
12533.404219500024,2024-07-25
12533.404219500024,2024-07-26
12533.404219500024,2024-07-29
12533.404219500024,2024-07-30
12533.404219500024,2024-07-31
12533.404219500024,2024-08-01
12533.404219500024,2024-08-02
12407.870318500023,2024-08-05
12364.170118500024,2024-08-06
12250.670118500024,2024-08-07
12210.170118500024,2024-08-08
12717.570518500022,2024-08-09
12673.969918500023,2024-08-12
12660.870318500023,2024-08-13
12522.870318500023,2024-08-14
12692.370318500023,2024-08-16
12682.969918500023,2024-08-19
12822.870318500023,2024-08-20
12883.469918500023,2024-08-21
12923.469918500023,2024-08-22
12852.570518500022,2024-08-23
12806.770718500024,2024-08-26
12794.070518500022,2024-08-27
12950.070518500022,2024-08-28
12925.336268000023,2024-08-29
12925.336268000023,2024-08-30
12925.336268000023,2024-09-02
12925.336268000023,2024-09-03
12836.507669000024,2024-09-04
12769.607869000023,2024-09-05
12674.407669000024,2024-09-06
12664.107669000025,2024-09-09
12643.807669000023,2024-09-10
12622.707669000023,2024-09-11
12919.407669000024,2024-09-12
12886.007669000024,2024-09-13
12967.807669000023,2024-09-16
12869.807669000023,2024-09-17
12870.107669000025,2024-09-18
12899.207669000023,2024-09-19
13095.707669000023,2024-09-20
12928.507669000024,2024-09-23
12923.207669000023,2024-09-24
12959.907669000024,2024-09-25
13157.907669000024,2024-09-26
13294.607669000025,2024-09-27
13269.294669000024,2024-09-30
13269.294669000024,2024-10-01
13269.294669000024,2024-10-03
13093.982169000024,2024-10-04
13016.282169000024,2024-10-07
13067.282169000024,2024-10-08
13098.182169000023,2024-10-09
13076.182169000023,2024-10-10
13136.482169000024,2024-10-11
13239.982169000024,2024-10-14
13124.582169000025,2024-10-15
13036.882169000024,2024-10-16
12928.082169000025,2024-10-17
13211.682169000023,2024-10-18
13301.282169000024,2024-10-21
13198.482169000024,2024-10-22
13035.882169000024,2024-10-23
13017.382169000024,2024-10-24
12863.582169000025,2024-10-25
13121.682169000023,2024-10-28
13476.682169000023,2024-10-29
13418.882169000024,2024-10-30
13469.682169000023,2024-10-31
13587.582169000025,2024-11-01
13344.082169000025,2024-11-04
13479.982169000024,2024-11-05
13485.082669000023,2024-11-06
13472.789794000022,2024-11-07
13472.789794000022,2024-11-08
13465.263544000023,2024-11-11
13441.296294000023,2024-11-12
13118.605294000025,2024-11-13
13708.605294000025,2024-11-14
13692.505294000024,2024-11-18
13872.105294000025,2024-11-19
13705.405294000026,2024-11-21
13913.605294000025,2024-11-22
13945.905294000026,2024-11-25
13920.893544000026,2024-11-26
13867.734794000027,2024-11-27
13843.147294000028,2024-11-28
13851.368794000029,2024-11-29
13827.20954400003,2024-12-02
13850.406044000032,2024-12-03
13826.184294000033,2024-12-04
13883.199044000034,2024-12-05
13962.199044000034,2024-12-06
13892.299044000034,2024-12-09
13834.199044000034,2024-12-10
13811.999044000033,2024-12-11
13823.399044000033,2024-12-12
13859.899044000033,2024-12-13
13885.099044000033,2024-12-16
13693.399044000033,2024-12-17
13707.799044000034,2024-12-18
13751.999044000033,2024-12-19
13677.099044000033,2024-12-20
13709.199044000034,2024-12-23
13793.899044000033,2024-12-24
13810.799044000034,2024-12-26
13961.899044000033,2024-12-27
13919.699044000034,2024-12-30
13851.899044000033,2024-12-31
13978.699044000034,2025-01-01
14824.299044000034,2025-01-02
14829.599044000033,2025-01-03
14708.299044000034,2025-01-06
14562.699044000034,2025-01-07
14536.812544000035,2025-01-08
14536.812544000035,2025-01-09
14536.812544000035,2025-01-10
14272.820294000037,2025-01-13
14453.720294000037,2025-01-14
14428.572544000037,2025-01-15
14428.572544000037,2025-01-16
14332.333544000037,2025-01-17
14341.233544000037,2025-01-20
14247.633544000037,2025-01-21
14327.133544000037,2025-01-22
14540.133544000037,2025-01-23
14720.333544000037,2025-01-24
14596.733544000037,2025-01-27
14518.533544000036,2025-01-28
14673.533544000036,2025-01-29
14647.619044000037,2025-01-30
14647.619044000037,2025-01-31
14647.619044000037,2025-02-01
14647.619044000037,2025-02-03
14647.619044000037,2025-02-04
14647.619044000037,2025-02-05
14647.619044000037,2025-02-06
14647.619044000037,2025-02-07
14647.619044000037,2025-02-10
14647.619044000037,2025-02-11
14376.957294000036,2025-02-12
14318.857294000036,2025-02-13
14084.757294000037,2025-02-14
14168.457294000036,2025-02-17
14144.731294000037,2025-02-18
14303.53429400004,2025-02-19
14279.48129400004,2025-02-20
14279.48129400004,2025-02-21
14351.369044000041,2025-02-24
14309.369044000041,2025-02-25
14200.76904400004,2025-02-27
13876.969044000041,2025-02-28
14142.969044000041,2025-03-03
13959.969044000041,2025-03-04
14306.369044000041,2025-03-05
14518.56904400004,2025-03-06
14531.16904400004,2025-03-07
14310.869044000041,2025-03-10
14300.869044000041,2025-03-11
14364.66904400004,2025-03-12
14339.581794000042,2025-03-13
14384.505544000041,2025-03-17
14359.254294000042,2025-03-18
14359.254294000042,2025-03-19
14359.254294000042,2025-03-20
14359.254294000042,2025-03-21
14359.254294000042,2025-03-24
14359.254294000042,2025-03-25
14359.254294000042,2025-03-26
14359.254294000042,2025-03-27
14359.254294000042,2025-03-28
14359.254294000042,2025-04-01
14359.254294000042,2025-04-02
14359.254294000042,2025-04-03
14359.254294000042,2025-04-04
14359.254294000042,2025-04-07
14666.128044000043,2025-04-08
14639.971294000043,2025-04-09
14639.971294000043,2025-04-11
14639.971294000043,2025-04-15
14639.971294000043,2025-04-16
14639.971294000043,2025-04-17
14639.971294000043,2025-04-21
14639.971294000043,2025-04-22
14639.971294000043,2025-04-23
14639.971294000043,2025-04-24
14639.971294000043,2025-04-25
14639.971294000043,2025-04-28
14639.971294000043,2025-04-29
14639.971294000043,2025-04-30
14639.971294000043,2025-05-02
14658.783794000043,2025-05-05
14631.481294000043,2025-05-06
14631.481294000043,2025-05-07
14371.036294000043,2025-05-08
14274.036294000043,2025-05-09
14666.036294000043,2025-05-12
14464.036294000043,2025-05-13
14519.036294000043,2025-05-14
14558.036294000043,2025-05-15
14645.036294000043,2025-05-16
14686.036294000043,2025-05-19
14401.036294000043,2025-05-20
14444.036294000043,2025-05-21
14400.036294000043,2025-05-22
14426.036294000043,2025-05-23
14481.036294000043,2025-05-26
14405.036294000043,2025-05-27
14279.036294000043,2025-05-28
14384.036294000043,2025-05-29
14293.036294000043,2025-05-30
14348.036294000043,2025-06-02
14334.036294000043,2025-06-03
14265.036294000043,2025-06-04
14243.036294000043,2025-06-05
14414.036294000043,2025-06-06
14408.036294000043,2025-06-09
14381.036294000043,2025-06-10
14330.036294000043,2025-06-11
14257.036294000043,2025-06-12
14264.036294000043,2025-06-13
14356.036294000043,2025-06-16
14308.036294000043,2025-06-17
14412.036294000043,2025-06-18
14613.036294000043,2025-06-19
14676.036294000043,2025-06-20
14731.036294000043,2025-06-23
14884.036294000043,2025-06-24
14778.036294000043,2025-06-25
14849.036294000043,2025-06-26
14820.978794000044,2025-06-27
14820.978794000044,2025-06-30
